pragma foreign_keys = on;
begin transaction;
insert or replace into participants (id, display_code, role, company_stage, cohort, profile_json, consent_level, visibility, anonymization_level) values ('p-seed-01', 'P-101', 'technical founder', 'prototype', 'accelerator-seed', '{"openness":0.82,"conscientiousness":0.58,"ambiguityComfort":0.76,"trustInMentorship":0.43,"publicPrivateTension":0.69}', 'anonymized_research', 'researcher', 'strict');
insert or replace into participants (id, display_code, role, company_stage, cohort, profile_json, consent_level, visibility, anonymization_level) values ('p-seed-02', 'P-102', 'operator founder', 'customer discovery', 'accelerator-seed', '{"openness":0.54,"conscientiousness":0.86,"ambiguityComfort":0.38,"trustInMentorship":0.72,"publicPrivateTension":0.41}', 'anonymized_research', 'researcher', 'strict');
insert or replace into participants (id, display_code, role, company_stage, cohort, profile_json, consent_level, visibility, anonymization_level) values ('p-seed-03', 'P-103', 'solo founder', 'idea validation', 'accelerator-seed', '{"openness":0.88,"conscientiousness":0.49,"ambiguityComfort":0.84,"trustInMentorship":0.36,"publicPrivateTension":0.74}', 'anonymized_research', 'researcher', 'strict');
insert or replace into sources (id, participant_id, source_type, title, label, source_ref, source_uri_hash, collected_at, raw_text_ref, raw_text_allowed, consent_level, visibility, metadata_json) values ('source-p-seed-01-interview', 'p-seed-01', 'interview', 'P-101 anonymized interview', 'P-101 · interview', 'local-anonymized-seed/p-seed-01.md', 'e1918eca9a60d002f0fc2d16c8f197c83ed88d2da73afbd6fdd39ff4a707015f', null, null, 0, 'anonymized_research', 'researcher', '{"input_file":"p-seed-01.md","anonymized_before_import":true}');
insert or replace into sources (id, participant_id, source_type, title, label, source_ref, source_uri_hash, collected_at, raw_text_ref, raw_text_allowed, consent_level, visibility, metadata_json) values ('source-p-seed-02-interview', 'p-seed-02', 'interview', 'P-102 anonymized interview', 'P-102 · interview', 'local-anonymized-seed/p-seed-02.md', '0e39a43c3f663e67b7b6aa5b377747f495d3363768af11f5140564af40e9b912', null, null, 0, 'anonymized_research', 'researcher', '{"input_file":"p-seed-02.md","anonymized_before_import":true}');
insert or replace into sources (id, participant_id, source_type, title, label, source_ref, source_uri_hash, collected_at, raw_text_ref, raw_text_allowed, consent_level, visibility, metadata_json) values ('source-p-seed-03-interview', 'p-seed-03', 'interview', 'P-103 anonymized interview', 'P-103 · interview', 'local-anonymized-seed/p-seed-03.md', 'b4a41e81849b4ed4ceccd34ff68712f7b151d8825824df3156ff6e9203e4f069', null, null, 0, 'anonymized_research', 'researcher', '{"input_file":"p-seed-03.md","anonymized_before_import":true}');
insert or replace into themes (id, name, description, category) values ('self-direction', 'self-direction', 'Evidence that the participant prefers independent problem framing before external input.', 'learning');
insert or replace into themes (id, name, description, category) values ('mentor-ambivalence', 'mentor ambivalence', 'Evidence of selective, cautious, or conflicted use of mentor advice.', 'learning');
insert or replace into themes (id, name, description, category) values ('trust-in-mentorship', 'trust in mentorship', 'Evidence describing when mentor guidance is trusted or becomes useful.', 'learning');
insert or replace into themes (id, name, description, category) values ('public-private-tension', 'public-private tension', 'Evidence of divergence between public narrative and private experience.', 'identity');
insert or replace into themes (id, name, description, category) values ('customer-discovery', 'customer discovery', 'Evidence related to customer learning and market contact.', 'research');
insert or replace into themes (id, name, description, category) values ('structure-need', 'structure need', 'Evidence that execution improves with scaffolding, milestones, or cadence.', 'execution');
insert or replace into themes (id, name, description, category) values ('learning-style', 'learning style', 'Evidence about how the participant learns, tests, and integrates feedback.', 'learning');
insert or replace into themes (id, name, description, category) values ('execution', 'execution', 'Evidence about moving from intention to concrete action.', 'execution');
insert or replace into themes (id, name, description, category) values ('ambiguity-comfort', 'ambiguity comfort', 'Evidence about tolerance for uncertainty and exploratory work.', 'identity');
insert or replace into chunks (id, participant_id, source_id, chunk_index, source_type, title, summary, anonymized_text, excerpt, sentiment, confidence, token_count, source_ref, contains_sensitive_data, redaction_notes, consent_level, visibility, metadata_json) values ('source-p-seed-01-interview-chunk-01', 'p-seed-01', 'source-p-seed-01-interview', 1, 'interview', 'Self-direction', 'I usually need to protect the question for a while before I show it to anyone.', 'I usually need to protect the question for a while before I show it to anyone.

If a mentor comes in too early, I start optimizing for their language instead of learning what I actually believe.

The useful mentors are the ones who ask me what I have already tried and then help me turn that into a cleaner experiment.

Publicly I sound more certain than I feel.', 'I usually need to protect the question for a while before I show it to anyone.

If a mentor comes in too early, I start optimizing for their language instead of learning what I actually believe.

The useful mentors are the ones who ask me what I have already tried and then help me turn that into a cleaner experiment.

Publicly I sound more certain than I feel.', 'positive', 0.87, 85, 'local-anonymized-seed/p-seed-01.md', 0, 'Input file is expected to be anonymized before import.', 'anonymized_research', 'researcher', '{"sequence":1,"source_file":"p-seed-01.md","parser":"import_accelerator_dataset.mjs","canonical_participant_id":"p-seed-01","source_id":"source-p-seed-01-interview"}');
insert or replace into chunk_themes (chunk_id, theme_id, confidence, evidence) values ('source-p-seed-01-interview-chunk-01', 'self-direction', 0.87, 'I usually need to protect the question for a while before I show it to anyone.');
insert or replace into chunk_themes (chunk_id, theme_id, confidence, evidence) values ('source-p-seed-01-interview-chunk-01', 'mentor-ambivalence', 0.87, 'I usually need to protect the question for a while before I show it to anyone.');
insert or replace into chunk_themes (chunk_id, theme_id, confidence, evidence) values ('source-p-seed-01-interview-chunk-01', 'trust-in-mentorship', 0.87, 'I usually need to protect the question for a while before I show it to anyone.');
insert or replace into chunk_themes (chunk_id, theme_id, confidence, evidence) values ('source-p-seed-01-interview-chunk-01', 'public-private-tension', 0.87, 'I usually need to protect the question for a while before I show it to anyone.');
insert or replace into embeddings (id, chunk_id, embedding_provider, embedding_model, embedding_dimensions, embedding_vector, vector_sha256, input_sha256, metadata_json) values ('source-p-seed-01-interview-chunk-01-embedding', 'source-p-seed-01-interview-chunk-01', 'local', 'local-hash-evidence-v1', 96, null, '35732b2bb08569e5afc4983b1d524385ffdc0950d6de53f7160b12d290fbd193', 'd66dd2e7ef1a729790d82d6259a9cb4151906cc22e4f2df586cbc4b008225c99', '{"exported_vector":false}');
insert or replace into umap_coordinates (id, chunk_id, embedding_id, projection_method, projection_model, projection_version, umap_x, umap_y, params_json) values ('source-p-seed-01-interview-chunk-01-umap', 'source-p-seed-01-interview-chunk-01', 'source-p-seed-01-interview-chunk-01-embedding', 'umap', 'local-hash-evidence-v1', 'umap-local-hash-v1', 0.147761, 0.579732, '{"n_neighbors":6,"min_dist":0.12,"spread":1.1,"seed":42}');
insert or replace into chunks (id, participant_id, source_id, chunk_index, source_type, title, summary, anonymized_text, excerpt, sentiment, confidence, token_count, source_ref, contains_sensitive_data, redaction_notes, consent_level, visibility, metadata_json) values ('source-p-seed-01-interview-chunk-02', 'p-seed-01', 'source-p-seed-01-interview', 2, 'interview', 'Self-direction', 'The updates make the company look crisp because that is what customers and investors expect, but privately I am still deciding which part of the problem deserves a company.', 'The updates make the company look crisp because that is what customers and investors expect, but privately I am still deciding which part of the problem deserves a company.

That gap is uncomfortable, and I do not always know when confidence becomes performance.

The program is most useful when it gives me a cadence without taking away the autonomy.', 'The updates make the company look crisp because that is what customers and investors expect, but privately I am still deciding which part of the problem deserves a company.

That gap is uncomfortable, and I do not always know when confidence becomes performance.

The program is most useful when it gives me a cadence without taking away the autonomy.', 'positive', 0.87, 74, 'local-anonymized-seed/p-seed-01.md', 0, 'Input file is expected to be anonymized before import.', 'anonymized_research', 'researcher', '{"sequence":2,"source_file":"p-seed-01.md","parser":"import_accelerator_dataset.mjs","canonical_participant_id":"p-seed-01","source_id":"source-p-seed-01-interview"}');
insert or replace into chunk_themes (chunk_id, theme_id, confidence, evidence) values ('source-p-seed-01-interview-chunk-02', 'self-direction', 0.87, 'The updates make the company look crisp because that is what customers and investors expect, but privately I am still deciding which part of the problem deserves a company.');
insert or replace into chunk_themes (chunk_id, theme_id, confidence, evidence) values ('source-p-seed-01-interview-chunk-02', 'trust-in-mentorship', 0.87, 'The updates make the company look crisp because that is what customers and investors expect, but privately I am still deciding which part of the problem deserves a company.');
insert or replace into chunk_themes (chunk_id, theme_id, confidence, evidence) values ('source-p-seed-01-interview-chunk-02', 'public-private-tension', 0.87, 'The updates make the company look crisp because that is what customers and investors expect, but privately I am still deciding which part of the problem deserves a company.');
insert or replace into chunk_themes (chunk_id, theme_id, confidence, evidence) values ('source-p-seed-01-interview-chunk-02', 'customer-discovery', 0.87, 'The updates make the company look crisp because that is what customers and investors expect, but privately I am still deciding which part of the problem deserves a company.');
insert or replace into embeddings (id, chunk_id, embedding_provider, embedding_model, embedding_dimensions, embedding_vector, vector_sha256, input_sha256, metadata_json) values ('source-p-seed-01-interview-chunk-02-embedding', 'source-p-seed-01-interview-chunk-02', 'local', 'local-hash-evidence-v1', 96, null, '3030963c4e8510ac29ebaf0ab5cdfa8ff75fd05e8b6d222a1859f57968d9cb29', '3e21729cc679403c558026e329302eadf82317562652eca3ac8ed6f4ba2cf524', '{"exported_vector":false}');
insert or replace into umap_coordinates (id, chunk_id, embedding_id, projection_method, projection_model, projection_version, umap_x, umap_y, params_json) values ('source-p-seed-01-interview-chunk-02-umap', 'source-p-seed-01-interview-chunk-02', 'source-p-seed-01-interview-chunk-02-embedding', 'umap', 'local-hash-evidence-v1', 'umap-local-hash-v1', 0.08, 0.146375, '{"n_neighbors":6,"min_dist":0.12,"spread":1.1,"seed":42}');
insert or replace into chunks (id, participant_id, source_id, chunk_index, source_type, title, summary, anonymized_text, excerpt, sentiment, confidence, token_count, source_ref, contains_sensitive_data, redaction_notes, consent_level, visibility, metadata_json) values ('source-p-seed-01-interview-chunk-03', 'p-seed-01', 'source-p-seed-01-interview', 3, 'interview', 'Structure Need', 'A weekly checkpoint helps because it forces me to name the experiment, but I still want the space to decide what the experiment means.', 'A weekly checkpoint helps because it forces me to name the experiment, but I still want the space to decide what the experiment means.', 'A weekly checkpoint helps because it forces me to name the experiment, but I still want the space to decide what the experiment means.', 'positive', 0.77, 30, 'local-anonymized-seed/p-seed-01.md', 0, 'Input file is expected to be anonymized before import.', 'anonymized_research', 'researcher', '{"sequence":3,"source_file":"p-seed-01.md","parser":"import_accelerator_dataset.mjs","canonical_participant_id":"p-seed-01","source_id":"source-p-seed-01-interview"}');
insert or replace into chunk_themes (chunk_id, theme_id, confidence, evidence) values ('source-p-seed-01-interview-chunk-03', 'structure-need', 0.77, 'A weekly checkpoint helps because it forces me to name the experiment, but I still want the space to decide what the experiment means.');
insert or replace into chunk_themes (chunk_id, theme_id, confidence, evidence) values ('source-p-seed-01-interview-chunk-03', 'learning-style', 0.77, 'A weekly checkpoint helps because it forces me to name the experiment, but I still want the space to decide what the experiment means.');
insert or replace into embeddings (id, chunk_id, embedding_provider, embedding_model, embedding_dimensions, embedding_vector, vector_sha256, input_sha256, metadata_json) values ('source-p-seed-01-interview-chunk-03-embedding', 'source-p-seed-01-interview-chunk-03', 'local', 'local-hash-evidence-v1', 96, null, 'e08fd91e3831e6d95c56c91d309682e4599ab19705745cf5a7ffdd170d2e5c7c', 'd5347581248fd41d7de8cf14c640dbb52c2311edc307b6915ba2607420508826', '{"exported_vector":false}');
insert or replace into umap_coordinates (id, chunk_id, embedding_id, projection_method, projection_model, projection_version, umap_x, umap_y, params_json) values ('source-p-seed-01-interview-chunk-03-umap', 'source-p-seed-01-interview-chunk-03', 'source-p-seed-01-interview-chunk-03-embedding', 'umap', 'local-hash-evidence-v1', 'umap-local-hash-v1', 0.92, 0.08, '{"n_neighbors":6,"min_dist":0.12,"spread":1.1,"seed":42}');
insert or replace into chunks (id, participant_id, source_id, chunk_index, source_type, title, summary, anonymized_text, excerpt, sentiment, confidence, token_count, source_ref, contains_sensitive_data, redaction_notes, consent_level, visibility, metadata_json) values ('source-p-seed-02-interview-chunk-01', 'p-seed-02', 'source-p-seed-02-interview', 1, 'interview', 'Mentor Ambivalence', 'I can execute quickly once the sequence is clear, but before that I keep making the plan better instead of testing it.', 'I can execute quickly once the sequence is clear, but before that I keep making the plan better instead of testing it.

The biggest shift was having a weekly milestone that told me exactly what customer discovery meant this week, not in theory.

Mentor advice works for me when it becomes a structure.

A broad suggestion like talk to more buyers does not change my behavior.', 'I can execute quickly once the sequence is clear, but before that I keep making the plan better instead of testing it.

The biggest shift was having a weekly milestone that told me exactly what customer discovery meant this week, not in theory.

Mentor advice works for me when it becomes a structure.

A broad suggestion like talk to more buyers does not change my behavior.', 'positive', 0.88, 83, 'local-anonymized-seed/p-seed-02.md', 0, 'Input file is expected to be anonymized before import.', 'anonymized_research', 'researcher', '{"sequence":1,"source_file":"p-seed-02.md","parser":"import_accelerator_dataset.mjs","canonical_participant_id":"p-seed-02","source_id":"source-p-seed-02-interview"}');
insert or replace into chunk_themes (chunk_id, theme_id, confidence, evidence) values ('source-p-seed-02-interview-chunk-01', 'mentor-ambivalence', 0.88, 'I can execute quickly once the sequence is clear, but before that I keep making the plan better instead of testing it.');
insert or replace into chunk_themes (chunk_id, theme_id, confidence, evidence) values ('source-p-seed-02-interview-chunk-01', 'trust-in-mentorship', 0.88, 'I can execute quickly once the sequence is clear, but before that I keep making the plan better instead of testing it.');
insert or replace into chunk_themes (chunk_id, theme_id, confidence, evidence) values ('source-p-seed-02-interview-chunk-01', 'structure-need', 0.88, 'I can execute quickly once the sequence is clear, but before that I keep making the plan better instead of testing it.');
insert or replace into chunk_themes (chunk_id, theme_id, confidence, evidence) values ('source-p-seed-02-interview-chunk-01', 'execution', 0.88, 'I can execute quickly once the sequence is clear, but before that I keep making the plan better instead of testing it.');
insert or replace into embeddings (id, chunk_id, embedding_provider, embedding_model, embedding_dimensions, embedding_vector, vector_sha256, input_sha256, metadata_json) values ('source-p-seed-02-interview-chunk-01-embedding', 'source-p-seed-02-interview-chunk-01', 'local', 'local-hash-evidence-v1', 96, null, 'a9500745f474f6f241b1bd291e36d51127d82e07ca21765f4fbc513fe026ac20', '2fa47e1d3b7f31423fa5feb44aef5e0ccbd164215b5ce4bcd744f19e2e25452f', '{"exported_vector":false}');
insert or replace into umap_coordinates (id, chunk_id, embedding_id, projection_method, projection_model, projection_version, umap_x, umap_y, params_json) values ('source-p-seed-02-interview-chunk-01-umap', 'source-p-seed-02-interview-chunk-01', 'source-p-seed-02-interview-chunk-01-embedding', 'umap', 'local-hash-evidence-v1', 'umap-local-hash-v1', 0.495426, 0.307211, '{"n_neighbors":6,"min_dist":0.12,"spread":1.1,"seed":42}');
insert or replace into chunks (id, participant_id, source_id, chunk_index, source_type, title, summary, anonymized_text, excerpt, sentiment, confidence, token_count, source_ref, contains_sensitive_data, redaction_notes, consent_level, visibility, metadata_json) values ('source-p-seed-02-interview-chunk-02', 'p-seed-02', 'source-p-seed-02-interview', 2, 'interview', 'Structure Need', 'A specific sprint with five outreach messages, two interviews, and a Friday review makes me move.', 'A specific sprint with five outreach messages, two interviews, and a Friday review makes me move.

I do worry that structure can hide whether I actually understand the customer.

I can complete the tasks and still avoid the hard question.

The program helps when the template includes a reflection step, because then execution and learning stay connected.', 'A specific sprint with five outreach messages, two interviews, and a Friday review makes me move.

I do worry that structure can hide whether I actually understand the customer.

I can complete the tasks and still avoid the hard question.

The program helps when the template includes a reflection step, because then execution and learning stay connected.', 'mixed', 0.87, 72, 'local-anonymized-seed/p-seed-02.md', 0, 'Input file is expected to be anonymized before import.', 'anonymized_research', 'researcher', '{"sequence":2,"source_file":"p-seed-02.md","parser":"import_accelerator_dataset.mjs","canonical_participant_id":"p-seed-02","source_id":"source-p-seed-02-interview"}');
insert or replace into chunk_themes (chunk_id, theme_id, confidence, evidence) values ('source-p-seed-02-interview-chunk-02', 'structure-need', 0.87, 'A specific sprint with five outreach messages, two interviews, and a Friday review makes me move.');
insert or replace into chunk_themes (chunk_id, theme_id, confidence, evidence) values ('source-p-seed-02-interview-chunk-02', 'execution', 0.87, 'A specific sprint with five outreach messages, two interviews, and a Friday review makes me move.');
insert or replace into chunk_themes (chunk_id, theme_id, confidence, evidence) values ('source-p-seed-02-interview-chunk-02', 'customer-discovery', 0.87, 'A specific sprint with five outreach messages, two interviews, and a Friday review makes me move.');
insert or replace into chunk_themes (chunk_id, theme_id, confidence, evidence) values ('source-p-seed-02-interview-chunk-02', 'learning-style', 0.87, 'A specific sprint with five outreach messages, two interviews, and a Friday review makes me move.');
insert or replace into embeddings (id, chunk_id, embedding_provider, embedding_model, embedding_dimensions, embedding_vector, vector_sha256, input_sha256, metadata_json) values ('source-p-seed-02-interview-chunk-02-embedding', 'source-p-seed-02-interview-chunk-02', 'local', 'local-hash-evidence-v1', 96, null, 'a23f5684340b81d92a253915e108c23cc335f70ea0b651590d023925666ef84f', '626e4f969f67da3a74e523a15567d1879c9f05b9a19538fe053dddb55594702d', '{"exported_vector":false}');
insert or replace into umap_coordinates (id, chunk_id, embedding_id, projection_method, projection_model, projection_version, umap_x, umap_y, params_json) values ('source-p-seed-02-interview-chunk-02-umap', 'source-p-seed-02-interview-chunk-02', 'source-p-seed-02-interview-chunk-02-embedding', 'umap', 'local-hash-evidence-v1', 'umap-local-hash-v1', 0.839804, 0.92, '{"n_neighbors":6,"min_dist":0.12,"spread":1.1,"seed":42}');
insert or replace into chunks (id, participant_id, source_id, chunk_index, source_type, title, summary, anonymized_text, excerpt, sentiment, confidence, token_count, source_ref, contains_sensitive_data, redaction_notes, consent_level, visibility, metadata_json) values ('source-p-seed-03-interview-chunk-01', 'p-seed-03', 'source-p-seed-03-interview', 1, 'interview', 'Mentor Ambivalence', 'Ambiguity does not bother me at the beginning.', 'Ambiguity does not bother me at the beginning.

I like staying with the messy version of the idea because it keeps more possibilities alive.

The risk is that I can defend exploration for too long and call it strategy when I am avoiding a market test.

I am careful with mentor feedback because a confident person can collapse the idea too fast.

The advice I trust starts with context.', 'Ambiguity does not bother me at the beginning.

I like staying with the messy version of the idea because it keeps more possibilities alive.

The risk is that I can defend exploration for too long and call it strategy when I am avoiding a market test.

I am careful with mentor feedback because a confident person can collapse the idea too fast.

The advice I trust starts with context.', 'positive', 0.88, 87, 'local-anonymized-seed/p-seed-03.md', 0, 'Input file is expected to be anonymized before import.', 'anonymized_research', 'researcher', '{"sequence":1,"source_file":"p-seed-03.md","parser":"import_accelerator_dataset.mjs","canonical_participant_id":"p-seed-03","source_id":"source-p-seed-03-interview"}');
insert or replace into chunk_themes (chunk_id, theme_id, confidence, evidence) values ('source-p-seed-03-interview-chunk-01', 'mentor-ambivalence', 0.88, 'Ambiguity does not bother me at the beginning.');
insert or replace into chunk_themes (chunk_id, theme_id, confidence, evidence) values ('source-p-seed-03-interview-chunk-01', 'trust-in-mentorship', 0.88, 'Ambiguity does not bother me at the beginning.');
insert or replace into chunk_themes (chunk_id, theme_id, confidence, evidence) values ('source-p-seed-03-interview-chunk-01', 'ambiguity-comfort', 0.88, 'Ambiguity does not bother me at the beginning.');
insert or replace into chunk_themes (chunk_id, theme_id, confidence, evidence) values ('source-p-seed-03-interview-chunk-01', 'customer-discovery', 0.88, 'Ambiguity does not bother me at the beginning.');
insert or replace into embeddings (id, chunk_id, embedding_provider, embedding_model, embedding_dimensions, embedding_vector, vector_sha256, input_sha256, metadata_json) values ('source-p-seed-03-interview-chunk-01-embedding', 'source-p-seed-03-interview-chunk-01', 'local', 'local-hash-evidence-v1', 96, null, 'b772215ad9fab524c62ab0a604c1d1ad9a7c97259b8bfc0bfaccc0011f37da7d', 'c01b4442c2970378121fad1de5d3fa5ddc57fc7edc3718995d8bbf60e07afac7', '{"exported_vector":false}');
insert or replace into umap_coordinates (id, chunk_id, embedding_id, projection_method, projection_model, projection_version, umap_x, umap_y, params_json) values ('source-p-seed-03-interview-chunk-01-umap', 'source-p-seed-03-interview-chunk-01', 'source-p-seed-03-interview-chunk-01-embedding', 'umap', 'local-hash-evidence-v1', 'umap-local-hash-v1', 0.481323, 0.860441, '{"n_neighbors":6,"min_dist":0.12,"spread":1.1,"seed":42}');
insert or replace into chunks (id, participant_id, source_id, chunk_index, source_type, title, summary, anonymized_text, excerpt, sentiment, confidence, token_count, source_ref, contains_sensitive_data, redaction_notes, consent_level, visibility, metadata_json) values ('source-p-seed-03-interview-chunk-02', 'p-seed-03', 'source-p-seed-03-interview', 2, 'interview', 'Public-private Tension', 'If someone understands why I am keeping the question open, then I can hear the push to make it testable.', 'If someone understands why I am keeping the question open, then I can hear the push to make it testable.

The public story is much sharper than the private reality.

Online I describe a clear founder identity because people respond to clarity.

In the actual work, I am still comparing three versions of the customer and trying to learn which one pulls me forward.', 'If someone understands why I am keeping the question open, then I can hear the push to make it testable.

The public story is much sharper than the private reality.

Online I describe a clear founder identity because people respond to clarity.

In the actual work, I am still comparing three versions of the customer and trying to learn which one pulls me forward.', 'positive', 0.84, 80, 'local-anonymized-seed/p-seed-03.md', 0, 'Input file is expected to be anonymized before import.', 'anonymized_research', 'researcher', '{"sequence":2,"source_file":"p-seed-03.md","parser":"import_accelerator_dataset.mjs","canonical_participant_id":"p-seed-03","source_id":"source-p-seed-03-interview"}');
insert or replace into chunk_themes (chunk_id, theme_id, confidence, evidence) values ('source-p-seed-03-interview-chunk-02', 'public-private-tension', 0.84, 'If someone understands why I am keeping the question open, then I can hear the push to make it testable.');
insert or replace into chunk_themes (chunk_id, theme_id, confidence, evidence) values ('source-p-seed-03-interview-chunk-02', 'customer-discovery', 0.84, 'If someone understands why I am keeping the question open, then I can hear the push to make it testable.');
insert or replace into chunk_themes (chunk_id, theme_id, confidence, evidence) values ('source-p-seed-03-interview-chunk-02', 'learning-style', 0.84, 'If someone understands why I am keeping the question open, then I can hear the push to make it testable.');
insert or replace into embeddings (id, chunk_id, embedding_provider, embedding_model, embedding_dimensions, embedding_vector, vector_sha256, input_sha256, metadata_json) values ('source-p-seed-03-interview-chunk-02-embedding', 'source-p-seed-03-interview-chunk-02', 'local', 'local-hash-evidence-v1', 96, null, '8fd324954cb1f276863c42f48c598825c62bc3303b2e0ab47129d9f7004fba53', '2faada90cf75b666fc4c0b58dffa68f5dabd35d937bb7fd3ae95b4257ebaff55', '{"exported_vector":false}');
insert or replace into umap_coordinates (id, chunk_id, embedding_id, projection_method, projection_model, projection_version, umap_x, umap_y, params_json) values ('source-p-seed-03-interview-chunk-02-umap', 'source-p-seed-03-interview-chunk-02', 'source-p-seed-03-interview-chunk-02-embedding', 'umap', 'local-hash-evidence-v1', 'umap-local-hash-v1', 0.772933, 0.423832, '{"n_neighbors":6,"min_dist":0.12,"spread":1.1,"seed":42}');
insert or replace into research_questions (id, query, synthesis, suggested_follow_up, themes_json, participant_codes_json, visibility, metadata_json) values ('ask-seed-autonomy-mentorship', 'Where does mentorship help without reducing autonomy?', 'Inference: P-101 and P-102 and P-103 show this pattern in the anonymized seed evidence. The claim is limited to the displayed excerpts and should be checked against fuller researcher notes before use.', 'Which mentor formats preserve autonomy while still increasing execution speed?', '["self-direction","mentor ambivalence","trust in mentorship"]', '["P-101","P-102","P-103"]', 'researcher', '{"generated_by":"import_accelerator_dataset.mjs"}');
insert or replace into question_evidence (question_id, chunk_id, rank, rationale) values ('ask-seed-autonomy-mentorship', 'source-p-seed-01-interview-chunk-01', 1, 'Seeded evidence for sample Ask-the-Map response.');
insert or replace into question_evidence (question_id, chunk_id, rank, rationale) values ('ask-seed-autonomy-mentorship', 'source-p-seed-01-interview-chunk-02', 2, 'Seeded evidence for sample Ask-the-Map response.');
insert or replace into question_evidence (question_id, chunk_id, rank, rationale) values ('ask-seed-autonomy-mentorship', 'source-p-seed-02-interview-chunk-01', 3, 'Seeded evidence for sample Ask-the-Map response.');
insert or replace into question_evidence (question_id, chunk_id, rank, rationale) values ('ask-seed-autonomy-mentorship', 'source-p-seed-03-interview-chunk-01', 4, 'Seeded evidence for sample Ask-the-Map response.');
insert or replace into research_questions (id, query, synthesis, suggested_follow_up, themes_json, participant_codes_json, visibility, metadata_json) values ('ask-seed-structure-execution', 'Which participants need structure before they can execute?', 'Inference: P-101 and P-102 show this pattern in the anonymized seed evidence. The claim is limited to the displayed excerpts and should be checked against fuller researcher notes before use.', 'What operating cadence appears to unlock execution for each participant?', '["structure need","execution","program design"]', '["P-101","P-102"]', 'researcher', '{"generated_by":"import_accelerator_dataset.mjs"}');
insert or replace into question_evidence (question_id, chunk_id, rank, rationale) values ('ask-seed-structure-execution', 'source-p-seed-01-interview-chunk-03', 1, 'Seeded evidence for sample Ask-the-Map response.');
insert or replace into question_evidence (question_id, chunk_id, rank, rationale) values ('ask-seed-structure-execution', 'source-p-seed-02-interview-chunk-01', 2, 'Seeded evidence for sample Ask-the-Map response.');
insert or replace into question_evidence (question_id, chunk_id, rank, rationale) values ('ask-seed-structure-execution', 'source-p-seed-02-interview-chunk-02', 3, 'Seeded evidence for sample Ask-the-Map response.');
insert or replace into research_questions (id, query, synthesis, suggested_follow_up, themes_json, participant_codes_json, visibility, metadata_json) values ('ask-seed-public-private', 'Where do public and private founder identities diverge?', 'Inference: P-101 and P-103 show this pattern in the anonymized seed evidence. The claim is limited to the displayed excerpts and should be checked against fuller researcher notes before use.', 'Which evidence distinguishes public narrative polish from private uncertainty?', '["public-private tension","ambiguity comfort"]', '["P-101","P-103"]', 'researcher', '{"generated_by":"import_accelerator_dataset.mjs"}');
insert or replace into question_evidence (question_id, chunk_id, rank, rationale) values ('ask-seed-public-private', 'source-p-seed-01-interview-chunk-01', 1, 'Seeded evidence for sample Ask-the-Map response.');
insert or replace into question_evidence (question_id, chunk_id, rank, rationale) values ('ask-seed-public-private', 'source-p-seed-01-interview-chunk-02', 2, 'Seeded evidence for sample Ask-the-Map response.');
insert or replace into question_evidence (question_id, chunk_id, rank, rationale) values ('ask-seed-public-private', 'source-p-seed-03-interview-chunk-01', 3, 'Seeded evidence for sample Ask-the-Map response.');
insert or replace into question_evidence (question_id, chunk_id, rank, rationale) values ('ask-seed-public-private', 'source-p-seed-03-interview-chunk-02', 4, 'Seeded evidence for sample Ask-the-Map response.');
commit;
